{
  "48429417": [
    34.67401654333815,
    34.71083109430465
  ],
  "53594014": [
    34.67407512459863,
    34.69862516368234
  ]
}