{
  "37220596": [
    35.1026441067063,
    35.10703365422433
  ],
  "41756614": [
    35.15386295489917,
    35.19390903703919
  ]
}