{
  "52165377": [
    13.678484538864371,
    39.03936727220745
  ],
  "53286507": [
    13.660456885617025,
    39.089595713690684
  ]
}