{
  "45184427": [
    -22.056180389710992,
    -46.94712825978332
  ],
  "52814785": [
    -22.040409054871194,
    -46.893446662794915
  ]
}