{
  "8583339": [
    8.177937107420636,
    2.2535164562913583
  ],
  "41229988": [
    8.226677279653053,
    2.233177022188101
  ]
}