{
  "14855049": [
    20.890052324047197,
    -77.5251386375342
  ],
  "36060692": [
    20.857116344713464,
    -77.48859151497885
  ]
}