{
  "14817557": [
    -22.13462365585213,
    47.7172264279361
  ],
  "32776984": [
    -22.12103676292445,
    47.75370090152073
  ]
}