{
  "14817557": [
    -22.502134259238137,
    47.6458279799682
  ],
  "45827736": [
    -22.490688683056927,
    47.694451676754355
  ]
}