{
  "8229261": [
    -25.165871515788297,
    46.1725411469724
  ],
  "46621858": [
    -25.139625988971463,
    46.08330603327608
  ]
}