{
  "10103103": [
    -24.207565509361032,
    47.26403682867374
  ],
  "10103189": [
    -24.146854931920352,
    47.283145160586564
  ]
}