{
  "14817557": [
    -22.226266535687092,
    47.75389642520629
  ],
  "32776984": [
    -22.281744556337845,
    47.80340525731259
  ]
}