{
  "14817557": [
    -22.67723441442458,
    47.81086272135314
  ],
  "45827736": [
    -22.65166028093012,
    47.80931956773524
  ]
}