{
  "16324718": [
    -13.840485074599494,
    49.9422678309854
  ],
  "16330857": [
    -13.816286676405866,
    49.88859322333757
  ]
}