{
  "45184427": [
    -3.894617502796002,
    -39.379422910906044
  ],
  "52814785": [
    -3.9323891101827977,
    -39.403926589855615
  ]
}