{
  "13517756": [
    -8.737502052175971,
    160.75155305872872
  ],
  "36274735": [
    -8.678093187226425,
    160.77948143511983
  ]
}