{
  "36632454": [
    22.53738448623521,
    -80.87580835820094
  ],
  "37041260": [
    22.56336971479358,
    -80.84426333782838
  ]
}