{
  "27702066": [
    18.076657831085342,
    121.87183233316173
  ],
  "40769601": [
    18.082764418433765,
    121.84513591637514
  ]
}