{
  "37686290": [
    -13.70127777878762,
    15.119646379985854
  ],
  "37690856": [
    -13.71688015476062,
    15.110253094009867
  ]
}