{
  "48792895": [
    26.14675159195308,
    84.93658571421422
  ],
  "51549783": [
    26.12975152126202,
    84.92465334048643
  ]
}