{
  "1838744": [
    -8.897732374672131,
    -39.006535737324235
  ],
  "48436797": [
    -8.904589668471806,
    -39.03996070270315
  ]
}