{
  "36792410": [
    13.040952042024445,
    37.81282186810762
  ],
  "38040024": [
    12.99739907982005,
    37.85518980778173
  ]
}