{
  "36792410": [
    13.159091280386672,
    37.949623369274704
  ],
  "38040024": [
    13.153925365234933,
    37.927495277563736
  ]
}