{
  "14922014": [
    -12.22856291169747,
    44.536883996277076
  ],
  "34928776": [
    -12.24450639414716,
    44.63003263535212
  ]
}