{
  "34945897": [
    -20.366924525006453,
    32.838919090612094
  ],
  "54029610": [
    -20.42572994637534,
    32.80398249886717
  ]
}