{
  "36790516": [
    -6.963063696160919,
    -46.122661039275094
  ],
  "50233540": [
    -6.924575490818188,
    -46.139852927469654
  ]
}