{
  "32357416": [
    16.302164360510858,
    76.71457266674557
  ],
  "33437791": [
    16.339087053195403,
    76.64189735185084
  ]
}