{
  "31197678": [
    25.14476282320189,
    83.48267808289337
  ],
  "31198082": [
    25.05941754582265,
    83.54136812244172
  ]
}