{
  "35463518": [
    40.85451399156189,
    111.73572440435905
  ],
  "35463523": [
    40.91457128445738,
    111.71120582437027
  ]
}