{
  "17848543": [
    -5.444779463786391,
    150.49393388559903
  ],
  "40035487": [
    -5.464668322238704,
    150.48829343117123
  ]
}