{
  "34036290": [
    22.68132429407852,
    77.79136654817694
  ],
  "39187566": [
    22.701674434433595,
    77.75827092741963
  ]
}