{
  "30852812": [
    3.890542058086598,
    31.74684776693364
  ],
  "40434481": [
    3.9260425024384586,
    31.717950763333818
  ]
}