{
  "39128426": [
    15.229781487345068,
    80.09934368433382
  ],
  "42749557": [
    15.185960609950722,
    80.15689291045734
  ]
}