{
  "3319774": [
    -2.505650867339111,
    150.89110001135393
  ],
  "21851262": [
    -2.477006697297488,
    150.82368737682881
  ]
}