{
  "20049497": [
    26.603234806519655,
    84.40685916524572
  ],
  "21329714": [
    26.55587698808763,
    84.43055917971249
  ]
}