{
  "48429417": [
    25.26178319343587,
    77.67001305497192
  ],
  "53594014": [
    25.280746165109534,
    77.64983791855678
  ]
}