{
  "10647683": [
    51.02264749762449,
    28.668369228275484
  ],
  "26526813": [
    51.032590225598355,
    28.73430595601578
  ]
}