{
  "31822850": [
    0.8083792326507531,
    124.36099731177809
  ],
  "37286174": [
    0.7472387705494294,
    124.35718637097226
  ]
}