{
  "51885976": [
    4.712376364298532,
    9.458898013717768
  ],
  "53415835": [
    4.66608308066057,
    9.51298496611429
  ]
}