{
  "31461388": [
    50.4258262474422,
    106.51952299257846
  ],
  "40492333": [
    50.42502085808273,
    106.53370657748292
  ]
}