{
  "41923257": [
    -22.121852434910764,
    48.03374318590839
  ],
  "41947801": [
    -22.070778741471923,
    48.01081209811419
  ]
}