{
  "45049199": [
    18.959526715766717,
    79.50168790338164
  ],
  "46307027": [
    18.913597376582498,
    79.52489563417963
  ]
}