{
  "6429294": [
    4.528684058828232,
    11.959482855457056
  ],
  "16422476": [
    4.516537797241257,
    11.986524080464898
  ]
}