{
  "42910946": [
    -4.3813067007467215,
    105.29214980842897
  ],
  "50689008": [
    -4.418826438394101,
    105.25082922933119
  ]
}