{
  "41923257": [
    -15.913714392168254,
    45.90125136241564
  ],
  "41947801": [
    -15.90295382156476,
    45.9048761045066
  ]
}