{
  "30852812": [
    3.6640002255127913,
    31.726380897526827
  ],
  "40434481": [
    3.6703131608239556,
    31.78894509283889
  ]
}