{
  "34766950": [
    16.973982523914074,
    77.01650656220257
  ],
  "34770005": [
    16.97899589812252,
    77.02411268338815
  ]
}