{
  "23110910": [
    11.848702547954389,
    78.04504940733024
  ],
  "38054813": [
    11.845457794316554,
    78.0784929020141
  ]
}