{
  "36708035": [
    15.334276525977508,
    80.17016760531773
  ],
  "53991436": [
    15.354550987126466,
    80.1582676500539
  ]
}