{
  "39128426": [
    15.026626046002491,
    77.63319907949864
  ],
  "42749557": [
    14.97233083856965,
    77.67930703359181
  ]
}