{
  "42753612": [
    32.36240688578505,
    74.67377893097894
  ],
  "54100599": [
    32.274039069078725,
    74.67119379784862
  ]
}