{
  "45184427": [
    -3.7377022995455533,
    -39.17821763343995
  ],
  "52814785": [
    -3.792496031141409,
    -39.21125175243855
  ]
}