{
  "48429417": [
    25.979635480381354,
    78.39156101942449
  ],
  "53594014": [
    25.988610853070675,
    78.41210864414839
  ]
}