{
  "32252995": [
    11.196105006299307,
    -1.086386392756062
  ],
  "52073139": [
    11.186362589195333,
    -1.069958283289154
  ]
}