{
  "23138757": [
    39.69208535455307,
    49.07319418331138
  ],
  "26442916": [
    39.65133718483459,
    49.034094315270686
  ]
}