{
  "23805134": [
    -24.608896339355482,
    -56.34570458266464
  ],
  "33163487": [
    -24.627929610396567,
    -56.36819383405599
  ]
}