{
  "35521989": [
    2.952118828445874,
    12.027138274763645
  ],
  "48113508": [
    3.0120998023055767,
    12.010658511371407
  ]
}