{
  "34036290": [
    22.542181305517428,
    77.49362820657407
  ],
  "39187566": [
    22.485245893047757,
    77.52424934669764
  ]
}