{
  "24944969": [
    -6.959645540894521,
    113.88376378170032
  ],
  "26220861": [
    -6.976740448084763,
    113.86456767071986
  ]
}