{
  "20049497": [
    22.206952895908284,
    84.08930100988869
  ],
  "21329714": [
    22.147861750778844,
    84.11509514375099
  ]
}