{
  "34766950": [
    16.473320374579526,
    80.5111444644776
  ],
  "34770005": [
    16.45528730066517,
    80.53012736712253
  ]
}