{
  "42372383": [
    20.959822526377668,
    85.30358675233443
  ],
  "45109509": [
    21.021435148286443,
    85.28790565465835
  ]
}