{
  "45049199": [
    17.275481740519314,
    77.5891674436059
  ],
  "46307027": [
    17.237589428992464,
    77.6344815697035
  ]
}