{
  "39128426": [
    15.384651092904784,
    80.09922816920397
  ],
  "42749557": [
    15.403896456917236,
    80.11796887006156
  ]
}