{
  "42207989": [
    1.8021798060089655,
    128.0147891234089
  ],
  "42976368": [
    1.7333035419374443,
    128.08066357474303
  ]
}