{
  "40386451": [
    48.69899146576124,
    28.90614913247739
  ],
  "44658181": [
    48.70405051796946,
    28.936842142894204
  ]
}