{
  "14817557": [
    -22.196697630649645,
    47.828230673604715
  ],
  "32776984": [
    -22.207266912952655,
    47.79377446490966
  ]
}