{
  "14817557": [
    -22.050813957793984,
    47.880653793439954
  ],
  "45827736": [
    -22.03492743319934,
    47.84503023850711
  ]
}